{
    "max": 27.6455020904541,
    "min": -72.50567626953125
}