{
    "max": 31.004316329956055,
    "min": -71.33008575439453
}