{
    "max": 31.258508682250977,
    "min": -70.33187866210938
}